"GEO_ID","NAME","B01003_001E","B01003_001M"
"id","Geographic Area Name","Estimate!!Total","Margin of Error!!Total"
"1600000US0667000","San Francisco city, California","870044","*****"
"1600000US0686804","Yolo CDP, California","429","202"
"1600000US0616651","Country Club CDP, California","9846","736"
"1600000US0614008","Cleone CDP, California","804","268"
"1600000US0621061","East Richmond Heights CDP, California","3214","338"
"1600000US0620270","Durham CDP, California","5863","429"
"1600000US0651336","Nicolaus CDP, California","166","45"
"1600000US0682072","Vandenberg AFB CDP, California","3379","385"
"1600000US0644812","Macdoel CDP, California","105","108"
"1600000US0627080","Fruitdale CDP, California","899","240"
"1600000US0660942","Rio Linda CDP, California","15460","979"
"1600000US0640872","La Vina CDP, California","239","365"
"1600000US0673276","South San Gabriel CDP, California","8643","881"
"1600000US0609360","Cabazon CDP, California","3367","711"
"1600000US0657148","Pine Grove CDP, California","1730","449"
"1600000US0684578","West Modesto CDP, California","5911","812"
"1600000US0645246","Malibu city, California","12846","52"
"1600000US0675672","Sultana CDP, California","1030","332"
"1600000US0640746","Laton CDP, California","2166","360"
"1600000US0686944","Yreka city, California","7551","46"
"1600000US0614974","Commerce city, California","12933","39"
"1600000US0666004","San Diego Country Estates CDP, California","10381","598"
"1600000US0657204","Pine Hills CDP, California","3146","540"
"1600000US0610494","Camp Nelson CDP, California","0","12"
"1600000US0616322","Corning city, California","7535","22"
"1600000US0684536","West Menlo Park CDP, California","4116","408"
"1600000US0602112","Angels city, California","3811","31"
"1600000US0658422","Posey CDP, California","0","12"
"1600000US0646632","Meadow Vista CDP, California","3460","398"
"1600000US0683332","Walnut city, California","30008","32"
"1600000US0644378","Loyola CDP, California","3364","315"
"1600000US0644028","Los Banos city, California","38119","48"
"1600000US0619150","Diablo CDP, California","364","257"
"1600000US0664294","Salton City CDP, California","5611","854"
"1600000US0636770","Irvine city, California","265502","81"
"1600000US0648354","Modesto city, California","211336","78"
"1600000US0660242","Reedley city, California","25493","28"
"1600000US0649544","Mountain Center CDP, California","0","12"
"1600000US0630410","Good Hope CDP, California","9173","1186"
"1600000US0610914","Canyondam CDP, California","66","53"
"1600000US0651294","Nice CDP, California","2393","426"
"1600000US0667126","San Joaquin city, California","4021","17"
"1600000US0644760","McClellan Park CDP, California","809","240"
"1600000US0601290","Altadena CDP, California","45146","1393"
"1600000US0640438","Larkspur city, California","12375","60"
"1600000US0646114","Martinez city, California","38117","60"
"1600000US0630714","Graniteville CDP, California","0","12"
"1600000US0675994","Sunnyside CDP, California","4451","785"
"1600000US0644910","McKinleyville CDP, California","16612","928"
"1600000US0619318","Dinuba city, California","23871","29"
"1600000US0677392","Sutter Creek city, California","2538","25"
"1600000US0671806","Sierra Madre city, California","11006","44"
"1600000US0602700","Armona CDP, California","3795","630"
"1600000US0601164","Alpaugh CDP, California","1074","200"
"1600000US0660620","Richmond city, California","109340","61"
"1600000US0631029","Greenhorn CDP, California","254","92"
"1600000US0657540","Placerville city, California","10860","21"
"1600000US0668434","San Simeon CDP, California","583","262"
"1600000US0670966","Sequoia Crest CDP, California","28","42"
"1600000US0606406","Big Bear City CDP, California","13312","1027"
"1600000US0639094","Ladera CDP, California","1465","307"
"1600000US0655184","Palm Desert city, California","52124","55"
"1600000US0659506","Rancho Murieta CDP, California","5603","367"
"1600000US0601228","Alpine Village CDP, California","155","62"
"1600000US0672576","Solvang city, California","5734","22"
"1600000US0678750","Tipton CDP, California","3218","439"
"1600000US0622146","Elmira CDP, California","285","142"
"1600000US0646492","Maywood city, California","27542","24"
"1600000US0675630","Suisun City city, California","29379","63"
"1600000US0652764","Oakhurst CDP, California","3424","810"
"1600000US0633336","Herlong CDP, California","1353","201"
"1600000US0636658","Inyokern CDP, California","740","434"
"1600000US0644280","Lost Hills CDP, California","1943","265"
"1600000US0686300","Woodlake city, California","7636","18"
"1600000US0643252","Los Alamos CDP, California","1623","637"
"1600000US0680784","Tupman CDP, California","186","71"
"1600000US0655751","Parksdale CDP, California","2493","616"
"1600000US0684120","West Bishop CDP, California","2661","220"
"1600000US0621964","Elizabeth Lake CDP, California","1895","266"
"1600000US0645400","Manhattan Beach city, California","35573","99"
"1600000US0647192","Mexican Colony CDP, California","363","136"
"1600000US0619440","Dogtown CDP, California","2629","297"
"1600000US0619878","Doyle CDP, California","622","208"
"1600000US0616090","Contra Costa Centre CDP, California","6497","573"
"1600000US0678715","Timber Cove CDP, California","149","50"
"1600000US0650034","Murphys CDP, California","2100","424"
"1600000US0646884","Mentone CDP, California","9847","564"
"1600000US0608786","Buena Park city, California","82781","64"
"1600000US0614904","Columbia CDP, California","2217","346"
"1600000US0625590","Freeport CDP, California","81","67"
"1600000US0604198","Bass Lake CDP, California","500","240"
"1600000US0675714","Summerland CDP, California","923","233"
"1600000US0618485","Delleker CDP, California","514","251"
"1600000US0611691","Casa de Oro-Mount Helix CDP, California","19635","1149"
"1600000US0645064","Madison CDP, California","563","277"
"1600000US0630882","Grayson CDP, California","1224","359"
"1600000US0677805","Tamalpais-Homestead Valley CDP, California","11261","562"
"1600000US0639420","Lake Almanor Peninsula CDP, California","416","153"
"1600000US0670042","Santa Paula city, California","30258","48"
"1600000US0639304","La Habra Heights city, California","5383","27"
"1600000US0639114","Ladera Ranch CDP, California","30288","1008"
"1600000US0606798","Bishop city, California","3765","26"
"1600000US0641124","Lemon Grove city, California","26767","51"
"1600000US0640956","Lebec CDP, California","1802","711"
"1600000US0608954","Burbank city, California","104275","50"
"1600000US0652162","North Richmond CDP, California","4233","662"
"1600000US0659550","Rancho San Diego CDP, California","21289","1107"
"1600000US0606070","Berry Creek CDP, California","1241","229"
"1600000US0611782","Cassel CDP, California","176","146"
"1600000US0657960","Point Reyes Station CDP, California","290","99"
"1600000US0609892","Calistoga city, California","5285","21"
"1600000US0612902","Cherryland CDP, California","16387","1124"
"1600000US0618856","Denair CDP, California","5131","659"
"1600000US0682786","Vina CDP, California","210","66"
"1600000US0622370","El Rio CDP, California","6505","522"
"1600000US0677364","Susanville city, California","15216","30"
"1600000US0640508","La Selva Beach CDP, California","2917","371"
"1600000US0600478","Ahwahnee CDP, California","2461","592"
"1600000US0681792","Valley Home CDP, California","202","68"
"1600000US0642468","Lomita city, California","20628","34"
"1600000US0613157","China Lake Acres CDP, California","1947","669"
"1600000US0631596","Hacienda Heights CDP, California","54970","1127"
"1600000US0651820","North El Monte CDP, California","4028","404"
"1600000US0602924","Arvin city, California","21005","25"
"1600000US0641922","Live Oak CDP, California","17390","827"
"1600000US0604996","Bell Gardens city, California","42641","26"
"1600000US0600618","Alamo CDP, California","15317","696"
"1600000US0651890","North Gate CDP, California","559","176"
"1600000US0680644","Tulare city, California","62838","61"
"1600000US0649187","Moraga town, California","17398","49"
"1600000US0659892","Red Bluff city, California","14132","57"
"1600000US0627000","Fresno city, California","522277","135"
"1600000US0646226","Mather CDP, California","4408","392"
"1600000US0648676","Monson CDP, California","380","224"
"1600000US0604632","Bear Creek CDP, California","157","101"
"1600000US0610004","Calpine CDP, California","216","108"
"1600000US0651476","Nipomo CDP, California","17445","965"
"1600000US0639318","La Honda CDP, California","711","210"
"1600000US0630000","Glendale city, California","200372","44"
"1600000US0660662","Richvale CDP, California","99","59"
"1600000US0652582","Novato city, California","55523","36"
"1600000US0656938","Piedmont city, California","11308","27"
"1600000US0636280","Imperial city, California","17175","26"
"1600000US0660606","Richgrove CDP, California","2611","273"
"1600000US0641880","Littlerock CDP, California","1766","719"
"1600000US0600450","Agua Dulce CDP, California","3728","605"
"1600000US0633861","Hilmar-Irwin CDP, California","5846","894"
"1600000US0633935","Hiouchi CDP, California","433","301"
"1600000US0631372","Groveland CDP, California","307","143"
"1600000US0619262","Dillon Beach CDP, California","219","103"
"1600000US0602210","Antelope CDP, California","47326","1255"
"1600000US0602364","Apple Valley town, California","72359","44"
"1600000US0673178","South Oroville CDP, California","3181","529"
"1600000US0630900","Greeley Hill CDP, California","687","184"
"1600000US0671106","Shafter city, California","18923","32"
"1600000US0673654","Spring Garden CDP, California","13","20"
"1600000US0660279","Reliez Valley CDP, California","3575","425"
"1600000US0662910","Rosemont CDP, California","23617","788"
"1600000US0616728","Covelo CDP, California","1165","290"
"1600000US0642580","Lone Pine CDP, California","1837","306"
"1600000US0631568","Gustine city, California","5774","29"
"1600000US0623196","Fairhaven CDP, California","145","47"
"1600000US0623462","Fallbrook CDP, California","33021","1289"
"1600000US0633532","Hidden Meadows CDP, California","3386","434"
"1600000US0662364","Rocklin city, California","63127","43"
"1600000US0650188","Myrtletown CDP, California","5290","543"
"1600000US0672996","South El Monte city, California","20727","74"
"1600000US0662854","Rosedale CDP, California","16737","1083"
"1600000US0685551","Wilkerson CDP, California","431","95"
"1600000US0646828","Mendota city, California","11393","22"
"1600000US0606928","Blackhawk CDP, California","9860","681"
"1600000US0605346","Benton CDP, California","313","120"
"1600000US0612300","Cedar Ridge CDP, California","1037","210"
"1600000US0685866","Wilsonia CDP, California","0","12"
"1600000US0621530","Edgewood CDP, California","40","26"
"1600000US0613882","Clayton city, California","11967","25"
"1600000US0611530","Carson city, California","92517","65"
"1600000US0606336","Bieber CDP, California","178","106"
"1600000US0672506","Solana Beach city, California","13370","29"
"1600000US0644924","McKittrick CDP, California","127","48"
"1600000US0633588","Highland city, California","54859","64"
"1600000US0639444","Lake Arrowhead CDP, California","9765","1086"
"1600000US0641670","Linden CDP, California","1790","399"
"1600000US0681134","Ukiah city, California","15946","39"
"1600000US0624918","Forest Ranch CDP, California","538","251"
"1600000US0639045","La Crescenta-Montrose CDP, California","19500","1095"
"1600000US0669000","Santa Ana city, California","333499","102"
"1600000US0612594","Chalfant CDP, California","999","395"
"1600000US0639483","Lake Davis CDP, California","65","60"
"1600000US0616532","Costa Mesa city, California","113198","59"
"1600000US0672646","Sonoma city, California","11074","23"
"1600000US0646702","Meiners Oaks CDP, California","3508","676"
"1600000US0639108","Ladera Heights CDP, California","7090","745"
"1600000US0624834","Foresthill CDP, California","1546","527"
"1600000US0678456","Thermal CDP, California","1359","546"
"1600000US0681778","Valley Ford CDP, California","148","191"
"1600000US0637512","Johnsville CDP, California","0","12"
"1600000US0634316","Homeland CDP, California","7326","842"
"1600000US0647430","Midway City CDP, California","8374","779"
"1600000US0624477","Florence-Graham CDP, California","64162","1642"
"1600000US0604758","Beaumont city, California","45403","103"
"1600000US0685922","Windsor town, California","27506","39"
"1600000US0683612","Waterford city, California","8823","28"
"1600000US0674144","Stevinson CDP, California","331","125"
"1600000US0634694","Hornbrook CDP, California","215","58"
"1600000US0668000","San Jose city, California","1026658","135"
"1600000US0619990","Duarte city, California","21713","54"
"1600000US0671778","Sierra City CDP, California","152","69"
"1600000US0613014","Chico city, California","91998","104"
"1600000US0626000","Fremont city, California","233083","95"
"1600000US0678596","Thousand Palms CDP, California","7814","944"
"1600000US0657302","Pi�on Hills CDP, California","7592","908"
"1600000US0607379","Bonadelle Ranchos-Madera Ranchos CDP, California","8971","695"
"1600000US0655856","Parlier city, California","15120","20"
"1600000US0607624","Bostonia CDP, California","17530","1365"
"1600000US0655604","Paradise Park CDP, California","543","220"
"1600000US0617232","Creston CDP, California","30","52"
"1600000US0670182","Santa Ynez CDP, California","4401","526"
"1600000US0685880","Wilton CDP, California","5307","508"
"1600000US0619402","Dixon city, California","19759","38"
"1600000US0617750","Cypress city, California","48955","62"
"1600000US0603162","Atwater city, California","29197","31"
"1600000US0660592","Richfield CDP, California","272","110"
"1600000US0670028","Santa Nella CDP, California","2508","488"
"1600000US0602910","Artois CDP, California","292","129"
"1600000US0638702","Klamath CDP, California","617","117"
"1600000US0671834","Sierra Village CDP, California","330","236"
"1600000US0634904","Hughson city, California","7370","30"
"1600000US0668378","San Ramon city, California","75384","74"
"1600000US0668263","San Miguel CDP (Contra Costa County), California","2993","389"
"1600000US0684004","Weott CDP, California","271","182"
"1600000US0607596","Borrego Springs CDP, California","2252","605"
"1600000US0633084","Heber CDP, California","4686","931"
"1600000US0619976","Drytown CDP, California","20","24"
"1600000US0640116","Lanare CDP, California","234","208"
"1600000US0648998","Montgomery Creek CDP, California","61","38"
"1600000US0614764","Coloma CDP, California","673","326"
"1600000US0646436","Mayflower Village CDP, California","5822","350"
"1600000US0622587","Emerald Lake Hills CDP, California","4594","427"
"1600000US0670140","Santa Susana CDP, California","1050","243"
"1600000US0671932","Silver City CDP, California","0","12"
"1600000US0659500","Rancho Mirage city, California","18075","56"
"1600000US0640704","Lathrop city, California","21393","43"
"1600000US0653196","Oakville CDP, California","188","213"
"1600000US0618996","Desert Hot Springs city, California","28430","55"
"1600000US0680483","Trinity Village CDP, California","279","121"
"1600000US0639570","Lake Isabella CDP, California","3454","703"
"1600000US0631414","Guadalupe city, California","7350","27"
"1600000US0678949","Tooleville CDP, California","309","242"
"1600000US0650132","Muscoy CDP, California","13726","1227"
"1600000US0636546","Inglewood city, California","110327","137"
"1600000US0653160","Oak Shores CDP, California","282","141"
"1600000US0653448","Oildale CDP, California","34723","1441"
"1600000US0649045","Monument Hills CDP, California","1700","559"
"1600000US0614454","Cold Springs CDP (Tuolumne County), California","108","120"
"1600000US0600464","Aguanga CDP, California","835","356"
"1600000US0623812","Fellows CDP, California","49","31"
"1600000US0683304","Wallace CDP, California","1063","358"
"1600000US0671134","Shandon CDP, California","1141","348"
"1600000US0611481","Carrick CDP, California","47","49"
"1600000US0642524","Lompoc city, California","43511","56"
"1600000US0657288","Pinole city, California","19264","59"
"1600000US0614106","Clio CDP, California","65","65"
"1600000US0657829","Plumas Lake CDP, California","7367","869"
"1600000US0616224","Corcoran city, California","22301","32"
"1600000US0656042","Paskenta CDP, California","105","47"
"1600000US0622360","El Rancho CDP, California","65","119"
"1600000US0618100","Davis city, California","67988","39"
"1600000US0671246","Shaver Lake CDP, California","498","100"
"1600000US0606616","Big Pine CDP, California","1568","169"
"1600000US0602378","Aptos CDP, California","5797","613"
"1600000US0608530","Brooktrails CDP, California","3709","766"
"1600000US0611915","Castle Hill CDP, California","1145","320"
"1600000US0603386","Azusa city, California","49544","55"
"1600000US0671876","Signal Hill city, California","11538","35"
"1600000US0668224","San Marino city, California","13285","30"
"1600000US0639724","Lake San Marcos CDP, California","4890","796"
"1600000US0658520","Poway city, California","49842","71"
"1600000US0614946","Colusa city, California","5902","29"
"1600000US0680854","Tustin city, California","80140","67"
"1600000US0680588","Truckee town, California","16377","30"
"1600000US0607274","Bodfish CDP, California","1384","360"
"1600000US0612734","Charter Oak CDP, California","9760","835"
"1600000US0625128","Fort Jones city, California","832","196"
"1600000US0621712","El Cajon city, California","103285","71"
"1600000US0663050","Rossmoor CDP, California","11160","492"
"1600000US0603792","Bangor CDP, California","372","143"
"1600000US0625576","Freedom CDP, California","3719","604"
"1600000US0673696","Spring Valley CDP (San Diego County), California","31591","1251"
"1600000US0638352","Keswick CDP, California","430","153"
"1600000US0680448","Trinidad city, California","272","88"
"1600000US0686034","Winters city, California","7132","43"
"1600000US0660466","Rialto city, California","102873","80"
"1600000US0660088","Redway CDP, California","1199","600"
"1600000US0620298","Dutch Flat CDP, California","196","66"
"1600000US0617708","Cutler CDP, California","5774","1038"
"1600000US0686594","Wrightwood CDP, California","4283","622"
"1600000US0604470","Bayview CDP (Contra Costa County), California","1954","419"
"1600000US0644784","McCloud CDP, California","1072","201"
"1600000US0639598","Lakeland Village CDP, California","13170","1070"
"1600000US0634405","Homewood Canyon CDP, California","35","31"
"1600000US0641740","Linnell Camp CDP, California","686","383"
"1600000US0656476","Penngrove CDP, California","2961","629"
"1600000US0661026","Ripon city, California","15367","32"
"1600000US0619766","Downey city, California","112901","44"
"1600000US0633182","Hemet city, California","84069","107"
"1600000US0618688","Del Rey Oaks city, California","1596","142"
"1600000US0669196","Santa Maria city, California","105483","75"
"1600000US0602028","Anchor Bay CDP, California","314","136"
"1600000US0673290","South San Jose Hills CDP, California","20593","1034"
"1600000US0651560","Norco city, California","26569","36"
"1600000US0686930","Yountville city, California","2982","18"
"1600000US0682744","Villa Park city, California","5912","45"
"1600000US0636098","Hyampom CDP, California","165","129"
"1600000US0614484","Coleville CDP, California","515","228"
"1600000US0622006","Elk Creek CDP, California","191","95"
"1600000US0685208","Whitewater CDP, California","976","193"
"1600000US0658436","Poso Park CDP, California","2","3"
"1600000US0607652","Boulder Creek CDP, California","4712","668"
"1600000US0604478","Bayview CDP (Humboldt County), California","2617","320"
"1600000US0630812","Graton CDP, California","1877","411"
"1600000US0662200","Robinson Mill CDP, California","35","26"
"1600000US0646520","Meadowbrook CDP, California","3033","641"
"1600000US0645988","Markleeville CDP, California","143","102"
"1600000US0659604","Rancho Tehama Reserve CDP, California","1922","565"
"1600000US0641278","Lewiston CDP, California","1340","251"
"1600000US0602420","Arbuckle CDP, California","3636","419"
"1600000US0670266","Saranap CDP, California","6492","650"
"1600000US0639696","Lake of the Woods CDP, California","768","207"
"1600000US0607568","Boron CDP, California","2312","317"
"1600000US0632408","Hat Creek CDP, California","164","124"
"1600000US0660214","Redwood Valley CDP, California","1376","389"
"1600000US0672674","Sonora city, California","4822","24"
"1600000US0628210","Garden Farms CDP, California","345","194"
"1600000US0637134","Janesville CDP, California","1278","265"
"1600000US0612930","Chester CDP, California","2116","328"
"1600000US0670644","Seacliff CDP, California","3201","343"
"1600000US0628112","Galt city, California","25675","43"
"1600000US0660928","Rio del Mar CDP, California","9775","597"
"1600000US0628021","Furnace Creek CDP, California","127","48"
"1600000US0639766","Lakeside CDP, California","22560","1098"
"1600000US0686878","Yosemite Lakes CDP, California","5647","466"
"1600000US0624134","Firebaugh city, California","8295","20"
"1600000US0683794","Weaverville CDP, California","3240","441"
"1600000US0649446","Moss Beach CDP, California","3799","701"
"1600000US0643000","Long Beach city, California","468883","77"
"1600000US0650258","Napa city, California","79516","52"
"1600000US0604772","Beckwourth CDP, California","214","132"
"1600000US0675168","Storrie CDP, California","0","12"
"1600000US0652610","Nubieber CDP, California","20","14"
"1600000US0670322","Saticoy CDP, California","1201","357"
"1600000US0683460","Warm Springs CDP, California","1903","541"
"1600000US0630987","Greenfield CDP, California","3534","711"
"1600000US0648256","Mission Viejo city, California","96124","65"
"1600000US0613985","Clearlake Riviera CDP, California","3933","686"
"1600000US0644672","Mabie CDP, California","74","68"
"1600000US0616420","Coronita CDP, California","3138","616"
"1600000US0620032","Ducor CDP, California","651","175"
"1600000US0633056","Healdsburg city, California","11802","37"
"1600000US0601094","Almanor CDP, California","0","12"
"1600000US0631099","Green Valley CDP (Solano County), California","1572","297"
"1600000US0685086","Whitehawk CDP, California","66","48"
"1600000US0655296","Palo Cedro CDP, California","1151","314"
"1600000US0639735","Lake Sherwood CDP, California","1835","282"
"1600000US0672478","Soda Bay CDP, California","941","311"
"1600000US0612328","Cedarville CDP, California","360","122"
"1600000US0636490","Industry city, California","344","137"
"1600000US0617946","Dana Point city, California","33913","58"
"1600000US0674186","Stirling City CDP, California","307","236"
"1600000US0610088","Cambrian Park CDP, California","3094","398"
"1600000US0658758","Princeton CDP, California","297","104"
"1600000US0678120","Temecula city, California","112230","68"
"1600000US0646660","Mecca CDP, California","7174","1075"
"1600000US0673710","Springville CDP, California","872","347"
"1600000US0662490","Rodeo CDP, California","10411","488"
"1600000US0670588","Scotts Valley city, California","11900","46"
"1600000US0678232","Terminous CDP, California","411","117"
"1600000US0638548","Kings Beach CDP, California","2833","524"
"1600000US0623630","Farmington CDP, California","89","80"
"1600000US0636735","Iron Horse CDP, California","60","85"
"1600000US0622286","El Nido CDP, California","328","109"
"1600000US0668252","San Mateo city, California","104035","53"
"1600000US0618324","Deer Park CDP, California","906","191"
"1600000US0639290","La Habra city, California","61910","60"
"1600000US0624960","Forestville CDP, California","3685","332"
"1600000US0647164","Mettler CDP, California","138","70"
"1600000US0646618","Meadow Valley CDP, California","362","127"
"1600000US0624218","Fish Camp CDP, California","90","20"
"1600000US0683668","Watsonville city, California","53616","80"
"1600000US0658226","Port Costa CDP, California","186","125"
"1600000US0606475","Big Bend CDP, California","96","46"
"1600000US0661096","Riverdale CDP, California","3625","729"
"1600000US0668140","San Lucas CDP, California","472","201"
"1600000US0623294","Fair Oaks CDP, California","31002","976"
"1600000US0633364","Hermosa Beach city, California","19650","36"
"1600000US0640526","Las Flores CDP (Orange County), California","5877","703"
"1600000US0677700","Tahoe Vista CDP, California","1288","311"
"1600000US0628182","Garden Acres CDP, California","10701","834"
"1600000US0681554","Vacaville city, California","97943","49"
"1600000US0606728","Biola CDP, California","1451","298"
"1600000US0616035","Concow CDP, California","743","171"
"1600000US0604982","Bellflower city, California","77529","60"
"1600000US0618674","Del Rey CDP, California","1498","341"
"1600000US0614190","Cloverdale city, California","8798","26"
"1600000US0643280","Los Altos city, California","30588","29"
"1600000US0651574","Nord CDP, California","426","233"
"1600000US0641908","Little Valley CDP, California","18","18"
"1600000US0600996","Allendale CDP, California","1362","308"
"1600000US0662546","Rohnert Park city, California","42694","38"
"1600000US0612132","Cayucos CDP, California","2692","361"
"1600000US0623973","Fetters Hot Springs-Agua Caliente CDP, California","4697","759"
"1600000US0632562","Hayfork CDP, California","2421","424"
"1600000US0678162","Templeton CDP, California","7938","813"
"1600000US0608310","Brisbane city, California","4692","21"
"1600000US0618086","Davenport CDP, California","264","107"
"1600000US0683374","Walnut Grove CDP, California","1300","395"
"1600000US0641474","Lincoln city, California","46939","44"
"1600000US0637400","Johannesburg CDP, California","138","122"
"1600000US0630560","Graeagle CDP, California","596","171"
"1600000US0646842","Menifee city, California","88515","61"
"1600000US0622230","El Monte city, California","115669","86"
"1600000US0668014","San Juan Bautista city, California","2106","431"
"1600000US0607946","Bradbury city, California","916","122"
"1600000US0631260","Gridley city, California","6585","25"
"1600000US0606935","Blacklake CDP, California","892","282"
"1600000US0687042","Yucaipa city, California","53264","36"
"1600000US0645736","Maricopa city, California","1175","193"
"1600000US0638310","Kernville CDP, California","1007","385"
"1600000US0609324","Butte Valley CDP, California","510","186"
"1600000US0683262","Walker CDP, California","863","271"
"1600000US0660900","Rio Dell city, California","3382","25"
"1600000US0678470","Thermalito CDP, California","6704","541"
"1600000US0614288","Coarsegold CDP, California","1643","521"
"1600000US0621034","East Rancho Dominguez CDP, California","16734","943"
"1600000US0667042","San Gabriel city, California","40242","44"
"1600000US0671848","Sierraville CDP, California","103","59"
"1600000US0683948","Weldon CDP, California","2181","529"
"1600000US0660018","Redondo Beach city, California","67700","41"
"1600000US0606635","Big River CDP, California","1145","139"
"1600000US0683346","Walnut Creek city, California","69007","67"
"1600000US0640886","Lawndale city, California","33007","90"
"1600000US0682815","Vincent CDP, California","17008","1196"
"1600000US0603026","Aspen Springs CDP, California","67","80"
"1600000US0610559","Camp Pendleton North CDP, California","7903","1317"
"1600000US0612818","Cherokee CDP, California","139","94"
"1600000US0621782","El Centro city, California","43898","45"
"1600000US0659514","Rancho Palos Verdes city, California","42271","79"
"1600000US0680560","Trowbridge CDP, California","296","131"
"1600000US0610270","Camino CDP, California","1799","324"
"1600000US0663218","Rowland Heights CDP, California","50602","1097"
"1600000US0620438","Earlimart CDP, California","8790","697"
"1600000US0646814","Mendocino CDP, California","782","279"
"1600000US0640130","Lancaster city, California","159662","82"
"1600000US0613560","Citrus CDP, California","10771","873"
"1600000US0655058","Pala CDP, California","1143","221"
"1600000US0648147","Mission Canyon CDP, California","2755","366"
"1600000US0642202","Lodi city, California","65006","42"
"1600000US0640536","Las Flores CDP (Tehama County), California","294","222"
"1600000US0650146","Myers Flat CDP, California","0","12"
"1600000US0610044","Camanche Village CDP, California","620","215"
"1600000US0612552","Cerritos city, California","50172","46"
"1600000US0614148","Clipper Mills CDP, California","319","240"
"1600000US0624750","Forbestown CDP, California","221","109"
"1600000US0637596","Junction City CDP, California","688","132"
"1600000US0637624","June Lake CDP, California","508","295"
"1600000US0616742","Covina city, California","48403","101"
"1600000US0649768","Mount Hebron CDP, California","78","77"
"1600000US0639283","Lagunitas-Forest Knolls CDP, California","1504","319"
"1600000US0604030","Barstow city, California","23812","35"
"1600000US0633798","Hillsborough town, California","11439","23"
"1600000US0668112","San Lorenzo CDP, California","25388","852"
"1600000US0672380","Smith River CDP, California","632","291"
"1600000US0657582","Planada CDP, California","4418","488"
"1600000US0620984","East Pasadena CDP, California","5971","454"
"1600000US0648916","Monterey Park Tract CDP, California","291","280"
"1600000US0652760","Oak Hills CDP, California","9700","1602"
"1600000US0616762","Cowan CDP, California","570","412"
"1600000US0672688","Soquel CDP, California","10862","731"
"1600000US0649852","Mount Shasta city, California","3284","14"
"1600000US0608142","Brentwood city, California","60446","116"
"1600000US0643126","Lookout CDP, California","76","50"
"1600000US0646338","Maxwell CDP, California","1096","209"
"1600000US0619612","Dos Palos city, California","5272","37"
"1600000US0667070","San Geronimo CDP, California","466","283"
"1600000US0610676","Camptonville CDP, California","162","69"
"1600000US0649628","Mountain Ranch CDP, California","1306","351"
"1600000US0642104","Lockeford CDP, California","3390","369"
"1600000US0658618","Prattville CDP, California","28","27"
"1600000US0618590","Del Monte Forest CDP, California","4197","366"
"1600000US0634428","Honcut CDP, California","135","107"
"1600000US0639556","Lake Hughes CDP, California","587","221"
"1600000US0671680","Shoshone CDP, California","13","13"
"1600000US0629252","Gazelle CDP, California","46","23"
"1600000US0634246","Holtville city, California","6458","18"
"1600000US0638024","Kelly Ridge CDP, California","2679","326"
"1600000US0607414","Bonita CDP, California","13324","1365"
"1600000US0642510","Lompico CDP, California","887","233"
"1600000US0672086","Sisquoc CDP, California","148","61"
"1600000US0671225","Shasta Lake city, California","10142","30"
"1600000US0639220","Laguna Hills city, California","31185","54"
"1600000US0670686","Seal Beach city, California","24364","46"
"1600000US0638520","King City city, California","13834","25"
"1600000US0603092","Atherton town, California","7185","24"
"1600000US0621565","Edna CDP, California","186","105"
"1600000US0645806","Marina del Rey CDP, California","9771","957"
"1600000US0622020","Elk Grove city, California","168503","81"
"1600000US0640004","La Mesa city, California","59562","37"
"1600000US0616210","Copperopolis CDP, California","4299","453"
"1600000US0609864","Calimesa city, California","8651","38"
"1600000US0619220","Diamond Springs CDP, California","11989","892"
"1600000US0658506","Potter Valley CDP, California","437","140"
"1600000US0637904","Keddie CDP, California","41","49"
"1600000US0673388","South Taft CDP, California","1526","329"
"1600000US0665000","San Bernardino city, California","215182","89"
"1600000US0612048","Cathedral City city, California","54037","51"
"1600000US0678148","Temple City city, California","36137","54"
"1600000US0668238","San Martin CDP, California","7010","643"
"1600000US0671568","Shingletown CDP, California","2272","353"
"1600000US0607578","Boronda CDP, California","1066","521"
"1600000US0608172","Bret Harte CDP, California","5319","608"
"1600000US0649558","Mountain Gate CDP, California","794","241"
"1600000US0666070","San Dimas city, California","34239","47"
"1600000US0640326","La Presa CDP, California","37437","1334"
"1600000US0611796","Castaic CDP, California","18921","632"
"1600000US0685586","Williams city, California","5223","19"
"1600000US0649432","Moskowite Corner CDP, California","151","94"
"1600000US0651000","Newcastle CDP, California","1167","204"
"1600000US0616714","Courtland CDP, California","537","388"
"1600000US0601010","Allensworth CDP, California","527","125"
"1600000US0682852","Vineyard CDP, California","28315","1066"
"1600000US0639425","Lake Almanor West CDP, California","126","47"
"1600000US0665028","San Bruno city, California","43114","48"
"1600000US0654120","Orcutt CDP, California","30493","1068"
"1600000US0618986","Desert Edge CDP, California","3343","409"
"1600000US0611194","Carlsbad city, California","113670","74"
"1600000US0664210","Salida CDP, California","14658","1350"
"1600000US0656784","Petaluma city, California","60635","57"
"1600000US0621796","El Cerrito city, California","25203","44"
"1600000US0663386","Ruth CDP, California","145","64"
"1600000US0626028","French Camp CDP, California","3857","669"
"1600000US0602868","Arroyo Grande city, California","18039","44"
"1600000US0642622","Long Barn CDP, California","93","87"
"1600000US0607246","Bodega CDP, California","473","187"
"1600000US0662625","Rolling Hills CDP, California","896","229"
"1600000US0659220","Rail Road Flat CDP, California","283","116"
"1600000US0655086","Palermo CDP, California","5544","525"
"1600000US0629392","Gerber CDP, California","1259","396"
"1600000US0656112","Patterson city, California","21783","29"
"1600000US0634281","Home Garden CDP, California","1643","392"
"1600000US0623980","Fiddletown CDP, California","329","182"
"1600000US0621096","East San Gabriel CDP, California","15932","665"
"1600000US0668154","San Luis Obispo city, California","47160","59"
"1600000US0646100","Martell CDP, California","300","198"
"1600000US0639484","Lake Don Pedro CDP, California","1030","276"
"1600000US0680364","Tres Pinos CDP, California","662","150"
"1600000US0681312","University of California-Merced CDP, California","0","12"
"1600000US0607750","Bowles CDP, California","194","67"
"1600000US0655506","Panorama Heights CDP, California","42","23"
"1600000US0630339","Gold Mountain CDP, California","0","12"
"1600000US0600562","Alameda city, California","78462","44"
"1600000US0604938","Bell Canyon CDP, California","2391","308"
"1600000US0621936","El Granada CDP, California","5819","679"
"1600000US0622510","El Verano CDP, California","3424","666"
"1600000US0683626","Waterloo CDP, California","719","354"
"1600000US0613392","Chula Vista city, California","266468","77"
"1600000US0648046","Mira Monte CDP, California","6912","755"
"1600000US0671372","Shelter Cove CDP, California","501","251"
"1600000US0641936","Live Oak city, California","8622","39"
"1600000US0675280","Strathmore CDP, California","2915","1043"
"1600000US0641789","Little Grass Valley CDP, California","0","12"
"1600000US0602476","Arcata city, California","18050","48"
"1600000US0636980","Jackson city, California","4694","22"
"1600000US0648872","Monterey city, California","28512","30"
"1600000US0615030","Comptche CDP, California","83","61"
"1600000US0686328","Woodland city, California","59044","39"
"1600000US0657876","Point Arena city, California","418","126"
"1600000US0653116","Oak Park CDP, California","13730","605"
"1600000US0654388","Oroville East CDP, California","7368","481"
"1600000US0647724","Millville CDP, California","682","159"
"1600000US0619584","Dorris city, California","868","166"
"1600000US0617722","Cutten CDP, California","3029","456"
"1600000US0633549","Hidden Valley Lake CDP, California","6044","699"
"1600000US0641040","Le Grand CDP, California","1726","193"
"1600000US0640928","Laytonville CDP, California","1175","327"
"1600000US0620956","East Palo Alto city, California","29633","43"
"1600000US0668196","San Marcos city, California","94709","56"
"1600000US0636910","Ivanhoe CDP, California","4198","716"
"1600000US0653490","Olancha CDP, California","213","106"
"1600000US0633504","Hickman CDP, California","566","138"
"1600000US0665084","San Clemente city, California","65045","78"
"1600000US0668266","San Miguel CDP (San Luis Obispo County), California","2807","728"
"1600000US0623168","Fairfax town, California","7591","21"
"1600000US0602168","Angwin CDP, California","3424","315"
"1600000US0618030","Darwin CDP, California","56","30"
"1600000US0679030","Topaz CDP, California","234","183"
"1600000US0673612","Spreckels CDP, California","385","266"
"1600000US0651392","Niland CDP, California","515","316"
"1600000US0604734","Bear Valley Springs CDP, California","5442","512"
"1600000US0639496","Lake Forest city, California","82911","56"
"1600000US0639612","Lake Los Angeles CDP, California","11469","712"
"1600000US0672282","Smartsville CDP, California","163","108"
"1600000US0650734","Needles city, California","4962","23"
"1600000US0658352","Portola city, California","1912","330"
"1600000US0631708","Half Moon Bay city, California","12706","33"
"1600000US0642230","Lodoga CDP, California","126","75"
"1600000US0678652","Three Rocks CDP, California","210","220"
"1600000US0655044","Pajaro CDP, California","3561","528"
"1600000US0630944","Green Acres CDP, California","2542","564"
"1600000US0634392","Homestead Valley CDP, California","2723","436"
"1600000US0680266","Tranquillity CDP, California","839","294"
"1600000US0630703","Granite Hills CDP, California","2833","483"
"1600000US0617610","Cupertino city, California","60614","87"
"1600000US0653266","Occidental CDP, California","833","183"
"1600000US0647332","Middletown CDP, California","757","418"
"1600000US0632030","Happy Camp CDP, California","810","142"
"1600000US0607172","Bluewater CDP, California","161","62"
"1600000US0610074","Cambria CDP, California","5725","346"
"1600000US0645092","Mad River CDP, California","432","143"
"1600000US0673700","Spring Valley Lake CDP, California","7744","796"
"1600000US0617106","Crest CDP, California","2746","367"
"1600000US0612146","Cazadero CDP, California","288","137"
"1600000US0649270","Moreno Valley city, California","205034","138"
"1600000US0657568","Plainview CDP, California","863","343"
"1600000US0632385","Hasley Canyon CDP, California","1085","188"
"1600000US0636350","Independence CDP, California","542","100"
"1600000US0610816","Cantua Creek CDP, California","273","182"
"1600000US0675252","Stratford CDP, California","878","377"
"1600000US0605164","Belvedere city, California","2098","153"
"1600000US0670154","Santa Venetia CDP, California","4790","497"
"1600000US0670130","Santa Rosa Valley CDP, California","3180","357"
"1600000US0623150","Fairbanks Ranch CDP, California","2901","856"
"1600000US0630282","Golden Hills CDP, California","9407","669"
"1600000US0613077","Chilcoot-Vinton CDP, California","147","106"
"1600000US0657825","Pleasure Point CDP, California","6277","701"
"1600000US0646646","Mead Valley CDP, California","19925","1726"
"1600000US0683724","Waukena CDP, California","215","125"
"1600000US0657828","Plumas Eureka CDP, California","333","87"
"1600000US0638394","Kettleman City CDP, California","1395","518"
"1600000US0659290","Raisin City CDP, California","389","167"
"1600000US0613854","Clay CDP, California","1083","195"
"1600000US0641282","Lexington Hills CDP, California","2603","318"
"1600000US0616560","Cotati city, California","7470","27"
"1600000US0617372","Crowley Lake CDP, California","889","319"
"1600000US0620242","Dunsmuir city, California","1589","170"
"1600000US0601360","Alta Sierra CDP, California","7207","346"
"1600000US0646898","Merced city, California","82289","54"
"1600000US0649810","Mount Laguna CDP, California","0","12"
"1600000US0640256","La Palma city, California","15733","42"
"1600000US0648641","Mono Vista CDP, California","3504","559"
"1600000US0614302","Cobb CDP, California","920","352"
"1600000US0601444","Alturas city, California","2577","13"
"1600000US0677000","Sunnyvale city, California","152323","58"
"1600000US0603064","Atascadero city, California","30037","41"
"1600000US0639514","Lakehead CDP, California","617","159"
"1600000US0673167","South Monrovia Island CDP, California","7192","764"
"1600000US0648186","Mission Hills CDP, California","3796","456"
"1600000US0684732","West Point CDP, California","571","219"
"1600000US0664476","San Ardo CDP, California","554","212"
"1600000US0657011","Pierpoint CDP, California","0","12"
"1600000US0628168","Gardena city, California","59924","80"
"1600000US0679529","Toro Canyon CDP, California","1735","387"
"1600000US0608100","Brea city, California","42330","53"
"1600000US0607372","Bombay Beach CDP, California","415","143"
"1600000US0661068","Riverbank city, California","24237","37"
"1600000US0652715","Oak Glen CDP, California","420","155"
"1600000US0616644","Coulterville CDP, California","38","43"
"1600000US0684606","Westmorland city, California","2643","351"
"1600000US0673262","South San Francisco city, California","67294","45"
"1600000US0680896","Tuttletown CDP, California","941","291"
"1600000US0664434","San Anselmo town, California","12567","23"
"1600000US0618450","Delft Colony CDP, California","653","635"
"1600000US0620900","East Nicolaus CDP, California","254","82"
"1600000US0606994","Blairsden CDP, California","25","25"
"1600000US0649362","Morro Bay city, California","10592","51"
"1600000US0681638","Valinda CDP, California","25296","1313"
"1600000US0654764","Pacheco CDP, California","4355","656"
"1600000US0672338","Smith Corner CDP, California","664","432"
"1600000US0612314","Cedar Slope CDP, California","0","12"
"1600000US0657244","Pine Mountain Lake CDP, California","2671","360"
"1600000US0659426","Rancho Calaveras CDP, California","7035","668"
"1600000US0655520","Paradise town, California","26543","27"
"1600000US0641656","Lindcove CDP, California","438","201"
"1600000US0686076","Winton CDP, California","11761","955"
"1600000US0617498","Cudahy city, California","24016","31"
"1600000US0624722","Foothill Farms CDP, California","33749","1308"
"1600000US0613210","Chino city, California","87735","131"
"1600000US0629350","Georgetown CDP, California","2668","750"
"1600000US0600884","Alhambra city, California","84974","65"
"1600000US0647794","Mineral CDP, California","292","180"
"1600000US0624526","Floriston CDP, California","20","22"
"1600000US0630658","Grand Terrace city, California","12482","37"
"1600000US0680966","Twain Harte CDP, California","2523","484"
"1600000US0648718","Montalvin Manor CDP, California","3023","633"
"1600000US0670882","Selma city, California","24598","33"
"1600000US0673962","Stanton city, California","38509","60"
"1600000US0622454","El Sobrante CDP (Contra Costa County), California","13736","960"
"1600000US0620907","East Oakdale CDP, California","3344","450"
"1600000US0675588","Sugarloaf Mountain Park CDP, California","0","12"
"1600000US0605108","Belmont city, California","27110","62"
"1600000US0672520","Soledad city, California","25597","33"
"1600000US0683850","Weed city, California","2677","45"
"1600000US0658870","Prunedale CDP, California","19584","1388"
"1600000US0653378","Ocotillo CDP, California","58","48"
"1600000US0641712","Lindsay city, California","13232","56"
"1600000US0620018","Dublin city, California","59172","45"
"1600000US0603274","Avalon city, California","3763","32"
"1600000US0650076","Murrieta city, California","111427","83"
"1600000US0634540","Hoopa CDP, California","3573","388"
"1600000US0639690","Lake of the Pines CDP, California","4137","469"
"1600000US0655380","Palos Verdes Estates city, California","13523","36"
"1600000US0607064","Bloomington CDP, California","21783","1636"
"1600000US0633294","Herald CDP, California","1058","231"
"1600000US0645820","Marin City CDP, California","3173","329"
"1600000US0669154","Santa Fe Springs city, California","17791","33"
"1600000US0612062","Catheys Valley CDP, California","794","213"
"1600000US0657372","Piru CDP, California","2019","244"
"1600000US0624764","Ford City CDP, California","4365","543"
"1600000US0662602","Rolling Hills city, California","1630","147"
"1600000US0642370","Loma Linda city, California","24078","36"
"1600000US0685446","Wildomar city, California","36162","80"
"1600000US0609822","California Hot Springs CDP, California","36","24"
"1600000US0655254","Palm Springs city, California","47525","79"
"1600000US0680515","Trona CDP, California","37","32"
"1600000US0666000","San Diego city, California","1401932","112"
"1600000US0656140","Patton Village CDP, California","604","187"
"1600000US0623210","Fairmead CDP, California","1876","285"
"1600000US0612669","Channel Islands Beach CDP, California","2864","536"
"1600000US0600982","Alleghany CDP, California","30","45"
"1600000US0631470","Guerneville CDP, California","4808","519"
"1600000US0614554","College City CDP, California","239","104"
"1600000US0662496","Rodriguez Camp CDP, California","87","57"
"1600000US0621894","Eldridge CDP, California","1351","507"
"1600000US0601276","Alta CDP, California","485","124"
"1600000US0616580","Coto de Caza CDP, California","14931","545"
"1600000US0613294","Chowchilla city, California","18533","41"
"1600000US0686972","Yuba City city, California","66388","48"
"1600000US0680280","Traver CDP, California","740","174"
"1600000US0665070","San Carlos city, California","30080","76"
"1600000US0672772","Soulsbyville CDP, California","2286","527"
"1600000US0670000","Santa Monica city, California","92078","38"
"1600000US0686244","Woodcrest CDP, California","17310","1287"
"1600000US0644830","McGee Creek CDP, California","0","12"
"1600000US0656028","Pasatiempo CDP, California","1018","301"
"1600000US0606434","Big Bear Lake city, California","5229","22"
"1600000US0648914","Monterey Park city, California","60792","51"
"1600000US0603209","August CDP, California","8774","1220"
"1600000US0610928","Canyon Lake city, California","11106","32"
"1600000US0605290","Benicia city, California","28088","42"
"1600000US0607162","Blue Lake city, California","981","227"
"1600000US0684816","West Sacramento city, California","52826","42"
"1600000US0638422","Keyes CDP, California","6185","906"
"1600000US0657834","Plymouth city, California","894","220"
"1600000US0664392","Samoa CDP, California","284","124"
"1600000US0640410","La Riviera CDP, California","10851","515"
"1600000US0606560","Biggs city, California","2323","365"
"1600000US0622594","Emeryville city, California","11724","51"
"1600000US0649651","Mountain View CDP, California","2066","589"
"1600000US0603708","Ballico CDP, California","401","131"
"1600000US0621230","Eastvale city, California","61337","56"
"1600000US0638646","Kirkwood CDP, California","76","51"
"1600000US0677595","Taft Mosswood CDP, California","951","233"
"1600000US0662980","Ross town, California","2309","238"
"1600000US0602294","Anza CDP, California","3151","990"
"1600000US0609332","Buttonwillow CDP, California","1591","333"
"1600000US0671078","Seville CDP, California","691","264"
"1600000US0648690","Montague city, California","1517","241"
"1600000US0644168","Los Olivos CDP, California","831","172"
"1600000US0678126","Temelec CDP, California","1564","236"
"1600000US0673794","Squaw Valley CDP, California","3449","505"
"1600000US0612524","Ceres city, California","47975","39"
"1600000US0614442","Cohasset CDP, California","990","361"
"1600000US0638114","Kentfield CDP, California","6930","423"
"1600000US0615044","Compton city, California","97301","123"
"1600000US0680686","Tulelake city, California","838","203"
"1600000US0646926","Meridian CDP, California","405","106"
"1600000US0632324","Hartland CDP, California","0","12"
"1600000US0654652","Oxnard city, California","207568","70"
"1600000US0610301","Camino Tassajara CDP, California","3798","574"
"1600000US0611656","Casa Conejo CDP, California","3366","356"
"1600000US0641152","Lemoore city, California","25791","32"
"1600000US0651637","North Auburn CDP, California","13707","1106"
"1600000US0627130","Fruitridge Pocket CDP, California","6215","803"
"1600000US0637274","Jenner CDP, California","32","31"
"1600000US0660970","Rio Oso CDP, California","406","119"
"1600000US0652624","Nuevo CDP, California","7033","795"
"1600000US0641208","Leona Valley CDP, California","1581","254"
"1600000US0645006","McSwain CDP, California","4137","561"
"1600000US0649138","Moorpark city, California","36274","60"
"1600000US0621188","East Sonora CDP, California","2189","454"
"1600000US0639710","Lakeport city, California","4855","33"
"1600000US0622412","El Segundo city, California","16850","50"
"1600000US0622457","El Sobrante CDP (Riverside County), California","13966","1171"
"1600000US0637022","Jacumba CDP, California","202","146"
"1600000US0670364","Sausalito city, California","7139","29"
"1600000US0683863","Weedpatch CDP, California","2238","320"
"1600000US0631134","Greenview CDP, California","283","148"
"1600000US0610046","Camarillo city, California","67543","60"
"1600000US0660706","Ridgemark CDP, California","3062","186"
"1600000US0656854","Phillipsville CDP, California","72","76"
"1600000US0662896","Rosemead city, California","54417","66"
"1600000US0648956","Monte Sereno city, California","3492","22"
"1600000US0610732","Canby CDP, California","497","243"
"1600000US0678960","Topanga CDP, California","7449","759"
"1600000US0678106","Tehama city, California","445","116"
"1600000US0678050","Tecopa CDP, California","146","59"
"1600000US0664000","Sacramento city, California","495011","121"
"1600000US0636826","Irwindale city, California","1405","105"
"1600000US0657792","Pleasanton city, California","80847","35"
"1600000US0629504","Gilroy city, California","55525","41"
"1600000US0633574","Highgrove CDP, California","4986","783"
"1600000US0678092","Tehachapi city, California","12753","21"
"1600000US0659668","Randsburg CDP, California","64","44"
"1600000US0644242","Los Ranchos CDP, California","1730","242"
"1600000US0625086","Fort Dick CDP, California","830","226"
"1600000US0631960","Hanford city, California","55893","59"
"1600000US0671414","Sheridan CDP, California","1250","559"
"1600000US0674172","Stinson Beach CDP, California","556","199"
"1600000US0657036","Pike CDP, California","167","135"
"1600000US0609990","Calpella CDP, California","562","269"
"1600000US0610042","Camanche North Shore CDP, California","1029","303"
"1600000US0618940","Descanso CDP, California","1644","362"
"1600000US0651990","North Lakeport CDP, California","3141","391"
"1600000US0681302","University of California-Davis CDP, California","7379","486"
"1600000US0636056","Huntington Park city, California","58694","43"
"1600000US0655422","Palo Verde CDP, California","85","65"
"1600000US0651812","North Edwards CDP, California","944","259"
"1600000US0634928","Humboldt Hill CDP, California","4268","709"
"1600000US0662644","Rolling Hills Estates city, California","8187","41"
"1600000US0633308","Hercules city, California","25343","81"
"1600000US0617288","Cromberg CDP, California","253","119"
"1600000US0608058","Brawley city, California","26009","59"
"1600000US0659052","Quartz Hill CDP, California","10164","764"
"1600000US0638562","Kingsburg city, California","11839","32"
"1600000US0685642","Willow Creek CDP, California","1539","456"
"1600000US0662168","Robbins CDP, California","321","96"
"1600000US0681722","Valley Acres CDP, California","617","194"
"1600000US0629112","Garnet CDP, California","5057","686"
"1600000US0621810","El Cerrito CDP, California","5471","663"
"1600000US0686174","Wofford Heights CDP, California","1973","445"
"1600000US0681967","Val Verde CDP, California","2996","295"
"1600000US0677378","Sutter CDP, California","2994","344"
"1600000US0685600","Willits city, California","4893","18"
"1600000US0686020","Winterhaven CDP, California","210","100"
"1600000US0656546","Penryn CDP, California","925","273"
"1600000US0634120","Hollister city, California","37835","36"
"1600000US0631393","Grover Beach city, California","13538","25"
"1600000US0647486","Millbrae city, California","22703","38"
"1600000US0632340","Hartley CDP, California","2907","534"
"1600000US0611166","Caribou CDP, California","0","12"
"1600000US0600674","Albany city, California","19758","59"
"1600000US0609878","Calipatria city, California","7458","26"
"1600000US0625300","Fort Washington CDP, California","783","526"
"1600000US0659248","Rainbow CDP, California","1994","245"
"1600000US0631302","Grizzly Flats CDP, California","1087","391"
"1600000US0657414","Pismo Beach city, California","8116","27"
"1600000US0601514","Amador City city, California","167","82"
"1600000US0659906","Redcrest CDP, California","23","29"
"1600000US0683570","Washington CDP, California","53","50"
"1600000US0609710","Calexico city, California","39934","23"
"1600000US0678792","Tobin CDP, California","0","12"
"1600000US0671964","Silver Lakes CDP, California","5966","850"
"1600000US0682562","Victor CDP, California","444","440"
"1600000US0656868","Philo CDP, California","201","95"
"1600000US0621292","East Whittier CDP, California","10391","632"
"1600000US0686482","Woodville CDP, California","1852","315"
"1600000US0608478","Brookdale CDP, California","2345","684"
"1600000US0647066","Mesa Verde CDP, California","584","276"
"1600000US0656798","Peters CDP, California","604","142"
"1600000US0662860","Rose Hills CDP, California","2612","268"
"1600000US0684592","Westmont CDP, California","33723","1534"
"1600000US0673220","South Pasadena city, California","25824","35"
"1600000US0631890","Hamilton City CDP, California","2224","313"
"1600000US0671554","Shingle Springs CDP, California","3865","542"
"1600000US0636084","Huron city, California","7019","18"
"1600000US0645484","Manteca city, California","77073","49"
"1600000US0686440","Woodside town, California","5541","21"
"1600000US0670336","Sattley CDP, California","77","60"
"1600000US0608744","Bucks Lake CDP, California","15","23"
"1600000US0619570","Dorrington CDP, California","205","88"
"1600000US0639892","Lakewood city, California","80771","89"
"1600000US0651924","North Highlands CDP, California","48968","1708"
"1600000US0606518","Big Creek CDP, California","188","82"
"1600000US0660984","Rio Vista city, California","8618","30"
"1600000US0608968","Burbank CDP, California","5252","401"
"1600000US0681708","Valle Vista CDP, California","16879","904"
"1600000US0664308","Salton Sea Beach CDP, California","355","240"
"1600000US0617050","Crescent Mills CDP, California","287","202"
"1600000US0614498","Colfax city, California","2029","303"
"1600000US0668084","San Leandro city, California","90103","59"
"1600000US0678890","Tomales CDP, California","253","109"
"1600000US0611978","Castroville CDP, California","6686","617"
"1600000US0636613","Interlaken CDP, California","7191","746"
"1600000US0656120","Patterson Tract CDP, California","2351","614"
"1600000US0611446","Carpinteria city, California","13550","39"
"1600000US0645022","Madera city, California","64362","43"
"1600000US0626067","French Valley CDP, California","33818","1460"
"1600000US0606000","Berkeley city, California","120926","46"
"1600000US0647822","Minkler CDP, California","1074","280"
"1600000US0686912","Yosemite Valley CDP, California","1110","312"
"1600000US0625058","Fort Bragg city, California","7298","37"
"1600000US0611754","Casmalia CDP, California","111","77"
"1600000US0622804","Escondido city, California","151115","64"
"1600000US0640998","Lee Vining CDP, California","89","76"
"1600000US0651168","New Pine Creek CDP, California","71","58"
"1600000US0637554","Joshua Tree CDP, California","6980","903"
"1600000US0609066","Burlingame city, California","30459","43"
"1600000US0617162","Crestline CDP, California","9381","1010"
"1600000US0684144","West Carson CDP, California","22537","1024"
"1600000US0614232","Clyde CDP, California","676","199"
"1600000US0649582","Mountain House CDP, California","15645","1415"
"1600000US0654218","Orick CDP, California","296","114"
"1600000US0629154","Gasquet CDP, California","620","233"
"1600000US0600135","Acalanes Ridge CDP, California","889","298"
"1600000US0636448","Indio city, California","88291","54"
"1600000US0618695","Del Rio CDP, California","1235","377"
"1600000US0650874","Nevada City city, California","3128","13"
"1600000US0639411","Lake Almanor Country Club CDP, California","302","93"
"1600000US0644700","McArthur CDP, California","386","254"
"1600000US0614736","Colma town, California","1450","289"
"1600000US0652526","Norwalk city, California","105886","51"
"1600000US0628014","Fulton CDP, California","566","394"
"1600000US0656700","Perris city, California","76276","91"
"1600000US0658134","Ponderosa CDP, California","0","12"
"1600000US0608758","Buellton city, California","5092","21"
"1600000US0604870","Bell city, California","35809","29"
"1600000US0648298","Mi-Wuk Village CDP, California","1133","459"
"1600000US0680952","Twain CDP, California","33","41"
"1600000US0660102","Redwood City city, California","85217","66"
"1600000US0621880","El Dorado Hills CDP, California","45599","1150"
"1600000US0608338","Broadmoor CDP, California","5286","607"
"1600000US0644826","McFarland city, California","14456","23"
"1600000US0631288","Grimes CDP, California","358","255"
"1600000US0600535","Airport CDP, California","1222","386"
"1600000US0603330","Avila Beach CDP, California","1273","285"
"1600000US0670098","Santa Rosa city, California","181038","56"
"1600000US0683402","Walnut Park CDP, California","16034","721"
"1600000US0680238","Tracy city, California","88806","61"
"1600000US0682842","Vine Hill CDP, California","3887","562"
"1600000US0616350","Corona city, California","165355","105"
"1600000US0611390","Carmichael CDP, California","64785","1277"
"1600000US0629000","Garden Grove city, California","174010","124"
"1600000US0641866","Little River CDP, California","189","144"
"1600000US0662756","Romoland CDP, California","2227","679"
"1600000US0659920","Redding city, California","91327","78"
"1600000US0680000","Torrance city, California","146392","65"
"1600000US0618464","Delhi CDP, California","11735","955"
"1600000US0653896","Ontario city, California","173580","76"
"1600000US0607316","Bolinas CDP, California","1077","233"
"1600000US0620928","Easton CDP, California","2206","363"
"1600000US0601192","Alpine CDP, California","15233","862"
"1600000US0620424","Eagleville CDP, California","81","59"
"1600000US0638800","Knights Landing CDP, California","869","310"
"1600000US0659451","Rancho Cucamonga city, California","175679","124"
"1600000US0622790","Escalon city, California","7509","35"
"1600000US0644350","Lower Lake CDP, California","1595","395"
"1600000US0652246","North San Juan CDP, California","328","169"
"1600000US0603316","Avery CDP, California","559","203"
"1600000US0604730","Bear Valley CDP (Mariposa County), California","203","140"
"1600000US0602462","Arcadia city, California","58207","48"
"1600000US0641180","Lennox CDP, California","21329","1025"
"1600000US0609598","Calabasas city, California","24077","39"
"1600000US0678568","Thornton CDP, California","1038","235"
"1600000US0649600","Mountain Mesa CDP, California","1236","636"
"1600000US0650398","National City city, California","60896","73"
"1600000US0686678","Yankee Hill CDP, California","301","91"
"1600000US0657330","Pioneer CDP, California","1443","353"
"1600000US0629070","Garey CDP, California","160","188"
"1600000US0681890","Valley Springs CDP, California","3428","537"
"1600000US0671218","Shasta CDP, California","1804","286"
"1600000US0613588","Citrus Heights city, California","87061","106"
"1600000US0672184","Sleepy Hollow CDP, California","2200","333"
"1600000US0622972","Etna city, California","735","153"
"1600000US0641166","Lemoore Station CDP, California","7063","513"
"1600000US0645778","Marina city, California","21608","47"
"1600000US0642412","Loma Rica CDP, California","3088","692"
"1600000US0638076","Kennedy Meadows CDP, California","20","30"
"1600000US0672408","Snelling CDP, California","101","82"
"1600000US0684116","West Athens CDP, California","8574","684"
"1600000US0650916","Newark city, California","46276","44"
"1600000US0673108","South Lake Tahoe city, California","21814","57"
"1600000US0647766","Milpitas city, California","77457","57"
"1600000US0636000","Huntington Beach city, California","200606","80"
"1600000US0656182","Paxton CDP, California","0","12"
"1600000US0619155","Diablo Grande CDP, California","841","209"
"1600000US0603820","Banning city, California","30942","44"
"1600000US0634484","Hood CDP, California","303","179"
"1600000US0636126","Hydesville CDP, California","978","169"
"1600000US0658380","Portola Valley town, California","4594","23"
"1600000US0636616","Inverness CDP, California","1127","186"
"1600000US0645680","March ARB CDP, California","1150","242"
"1600000US0680476","Trinity Center CDP, California","161","82"
"1600000US0663148","Round Valley CDP, California","533","111"
"1600000US0655048","Pajaro Dunes CDP, California","255","139"
"1600000US0675322","Strawberry CDP (Tuolumne County), California","5","4"
"1600000US0603694","Ballard CDP, California","473","193"
"1600000US0684480","Westley CDP, California","838","395"
"1600000US0617995","Daphnedale Park CDP, California","135","131"
"1600000US0607470","Bonny Doon CDP, California","3009","348"
"1600000US0671362","Shell Ridge CDP, California","1281","374"
"1600000US0664420","San Andreas CDP, California","3085","699"
"1600000US0678582","Thousand Oaks city, California","128481","48"
"1600000US0646223","Matheny CDP, California","1134","265"
"1600000US0621558","Edmundson Acres CDP, California","514","191"
"1600000US0630345","Gold River CDP, California","7523","338"
"1600000US0608680","Buckhorn CDP, California","2246","380"
"1600000US0611376","Carmet CDP, California","0","12"
"1600000US0636868","Isla Vista CDP, California","27690","1175"
"1600000US0645512","Manton CDP, California","372","147"
"1600000US0625114","Fort Irwin CDP, California","9086","886"
"1600000US0657512","Pixley CDP, California","3796","843"
"1600000US0607694","Boulevard CDP, California","445","251"
"1600000US0610561","Camp Pendleton South CDP, California","11459","1954"
"1600000US0643224","Los Alamitos city, California","11628","34"
"1600000US0602770","Arnold CDP, California","2605","442"
"1600000US0614218","Clovis city, California","106666","80"
"1600000US0604576","Beale AFB CDP, California","1039","176"
"1600000US0602980","Ashland CDP, California","23635","1056"
"1600000US0647472","Milford CDP, California","181","181"
"1600000US0648816","Montebello city, California","63099","94"
"1600000US0619416","Dobbins CDP, California","662","414"
"1600000US0603204","Auburn city, California","13946","42"
"1600000US0609318","Butte Meadows CDP, California","53","86"
"1600000US0639248","Laguna Niguel city, California","65652","69"
"1600000US0637106","Jamestown CDP, California","2687","422"
"1600000US0653070","Oakley city, California","40669","50"
"1600000US0645414","Manila CDP, California","834","124"
"1600000US0651622","Norris Canyon CDP, California","987","202"
"1600000US0647013","Mesa CDP, California","317","69"
"1600000US0669182","Santa Margarita CDP, California","1252","555"
"1600000US0683494","Warner Valley CDP, California","0","12"
"1600000US0606982","Black Point-Green Point CDP, California","1655","242"
"1600000US0668308","San Pasqual CDP, California","1932","127"
"1600000US0612412","Centerville CDP, California","366","190"
"1600000US0678288","Terra Bella CDP, California","3304","508"
"1600000US0649684","Mountain View Acres CDP, California","4260","1159"
"1600000US0625296","Fortuna city, California","12117","33"
"1600000US0675315","Strawberry CDP (Marin County), California","5759","394"
"1600000US0632506","Hawaiian Gardens city, California","14411","30"
"1600000US0620284","Dustin Acres CDP, California","590","169"
"1600000US0639178","Laguna Beach city, California","23147","41"
"1600000US0603512","Baker CDP, California","607","161"
"1600000US0613364","Chualar CDP, California","1442","385"
"1600000US0627014","Friant CDP, California","548","197"
"1600000US0600156","Acampo CDP, California","294","244"
"1600000US0665042","San Buenaventura (Ventura) city, California","110234","73"
"1600000US0603302","Avenal city, California","12923","25"
"1600000US0622622","Empire CDP, California","3667","396"
"1600000US0601640","American Canyon city, California","20306","45"
"1600000US0602000","Anaheim city, California","349668","82"
"1600000US0611418","Carnelian Bay CDP, California","463","163"
"1600000US0684921","West Whittier-Los Nietos CDP, California","27144","1098"
"1600000US0632548","Hawthorne city, California","87370","52"
"1600000US0609780","California City city, California","13646","28"
"1600000US0647710","Mill Valley city, California","14343","23"
"1600000US0644770","McClenney Tract CDP, California","41","43"
"1600000US0630938","Greenacres CDP, California","5757","750"
"1600000US0640426","Larkfield-Wikiup CDP, California","8926","816"
"1600000US0642566","London CDP, California","1854","225"
"1600000US0681869","Valley Ranch CDP, California","10","15"
"1600000US0638604","Kingvale CDP, California","73","87"
"1600000US0658814","Proberta CDP, California","165","170"
"1600000US0600786","Alderpoint CDP, California","157","125"
"1600000US0685614","Willowbrook CDP, California","22402","1208"
"1600000US0651280","Nicasio CDP, California","106","58"
"1600000US0617078","Cressey CDP, California","356","123"
"1600000US0627190","Fuller Acres CDP, California","841","289"
"1600000US0614260","Coachella city, California","44849","39"
"1600000US0656196","Paynes Creek CDP, California","53","52"
"1600000US0681344","Upland city, California","76382","39"
"1600000US0633518","Hidden Hills city, California","1634","249"
"1600000US0643140","Loomis town, California","6753","26"
"1600000US0636434","Indian Wells city, California","5317","26"
"1600000US0645386","Manchester CDP, California","199","104"
"1600000US0600898","Alhambra Valley CDP, California","739","251"
"1600000US0680812","Turlock city, California","72335","61"
"1600000US0623350","Fairview CDP, California","10299","640"
"1600000US0609353","Bystrom CDP, California","4099","472"
"1600000US0666140","San Fernando city, California","24585","24"
"1600000US0644399","Lucas Valley-Marinwood CDP, California","6841","327"
"1600000US0644574","Lynwood city, California","71022","40"
"1600000US0668028","San Juan Capistrano city, California","35952","47"
"1600000US0600716","Albion CDP, California","302","117"
"1600000US0604716","Bear Valley CDP (Alpine County), California","58","42"
"1600000US0621026","East Quincy CDP, California","2622","482"
"1600000US0640312","La Porte CDP, California","0","12"
"1600000US0682422","Vernon city, California","90","37"
"1600000US0682996","Vista city, California","100108","110"
"1600000US0680994","Twentynine Palms city, California","26109","36"
"1600000US0626056","French Gulch CDP, California","441","90"
"1600000US0609122","Burney CDP, California","3807","441"
"1600000US0663106","Rough and Ready CDP, California","828","372"
"1600000US0663316","Running Springs CDP, California","4296","623"
"1600000US0646870","Menlo Park city, California","33869","52"
"1600000US0637484","Johnstonville CDP, California","1185","237"
"1600000US0601150","Alondra Park CDP, California","8097","914"
"1600000US0610256","Cameron Park CDP, California","19902","920"
"1600000US0682590","Victorville city, California","121861","78"
"1600000US0655156","Palmdale city, California","156904","63"
"1600000US0685012","Wheatland city, California","3747","21"
"1600000US0660704","Ridgecrest city, California","28736","67"
"1600000US0649180","Morada CDP, California","4068","1310"
"1600000US0670770","Sebastopol city, California","7666","36"
"1600000US0603526","Bakersfield city, California","375699","120"
"1600000US0630476","Goshen CDP, California","3316","626"
"1600000US0656294","Pearsonville CDP, California","29","32"
"1600000US0652302","North Shore CDP, California","2892","676"
"1600000US0659346","Ramona CDP, California","20260","1283"
"1600000US0600212","Acton CDP, California","7185","512"
"1600000US0614890","Colton city, California","54415","53"
"1600000US0667112","San Jacinto city, California","47474","49"
"1600000US0640354","La Quinta city, California","40704","48"
"1600000US0618153","Day Valley CDP, California","3439","522"
"1600000US0658478","Potrero CDP, California","625","416"
"1600000US0619794","Downieville CDP, California","114","88"
"1600000US0645232","Malaga CDP, California","1337","278"
"1600000US0669112","Santa Cruz city, California","64273","36"
"1600000US0624092","Fillmore city, California","15598","34"
"1600000US0665112","Sand City city, California","318","85"
"1600000US0657260","Pine Valley CDP, California","1669","315"
"1600000US0673690","Spring Valley CDP (Lake County), California","1081","291"
"1600000US0654092","Orangevale CDP, California","34757","1087"
"1600000US0637582","Julian CDP, California","930","236"
"1600000US0654274","Orland city, California","7541","34"
"1600000US0662000","Riverside city, California","323935","138"
"1600000US0638065","Kennedy CDP, California","3665","696"
"1600000US0614708","Collierville CDP, California","2642","883"
"1600000US0612860","Cherokee Strip CDP, California","191","118"
"1600000US0681736","Valley Center CDP, California","9059","843"
"1600000US0643294","Los Altos Hills town, California","8517","50"
"1600000US0602042","Anderson city, California","10265","34"
"1600000US0686216","Woodacre CDP, California","1303","272"
"1600000US0658296","Port Hueneme city, California","22215","33"
"1600000US0617022","Crescent City city, California","6681","24"
"1600000US0653505","Old Fig Garden CDP, California","5529","605"
"1600000US0619024","Desert Shores CDP, California","619","273"
"1600000US0685684","Willows city, California","6022","24"
"1600000US0659896","Red Corral CDP, California","1930","496"
"1600000US0686832","Yorba Linda city, California","67815","100"
"1600000US0633633","Highlands-Baywood Park CDP, California","4564","322"
"1600000US0659962","Redlands city, California","71012","35"
"1600000US0687056","Yucca Valley town, California","21543","28"
"1600000US0651140","Newman city, California","11119","26"
"1600000US0649488","Moss Landing CDP, California","61","70"
"1600000US0639486","Lake Elsinore city, California","64037","108"
"1600000US0662700","Rollingwood CDP, California","3110","376"
"1600000US0653000","Oakland city, California","421042","74"
"1600000US0622846","Esparto CDP, California","3783","652"
"1600000US0657526","Placentia city, California","52049","55"
"1600000US0620598","East Foothills CDP, California","6278","638"
"1600000US0644364","Loyalton city, California","1149","192"
"1600000US0616434","Corralitos CDP, California","2381","464"
"1600000US0675154","Stonyford CDP, California","136","61"
"1600000US0636294","Imperial Beach city, California","27290","42"
"1600000US0648448","Mohawk Vista CDP, California","63","56"
"1600000US0655282","Palo Alto city, California","67019","67"
"1600000US0670712","Sea Ranch CDP, California","1161","189"
"1600000US0632044","Harbison Canyon CDP, California","4223","452"
"1600000US0684438","Westlake Village city, California","8424","24"
"1600000US0603205","Auburn Lake Trails CDP, California","3499","479"
"1600000US0686230","Woodbridge CDP, California","3865","346"
"1600000US0620802","East Los Angeles CDP, California","119827","2021"
"1600000US0624008","Fieldbrook CDP, California","921","126"
"1600000US0639460","Lake California CDP, California","3281","524"
"1600000US0607525","Bootjack CDP, California","768","348"
"1600000US0683085","Vista Santa Rosa CDP, California","2967","599"
"1600000US0632156","Hardwick CDP, California","30","26"
"1600000US0653714","Olivehurst CDP, California","13309","983"
"1600000US0654232","Orinda city, California","19431","46"
"1600000US0664140","St. Helena city, California","6079","26"
"1600000US0603666","Baldwin Park city, California","76222","70"
"1600000US0631162","Greenville CDP, California","1108","318"
"1600000US0681925","Valley Wells CDP, California","0","12"
"1600000US0623910","Ferndale city, California","1365","213"
"1600000US0619406","Dixon Lane-Meadow Creek CDP, California","2760","271"
"1600000US0625030","Fort Bidwell CDP, California","181","72"
"1600000US0625436","Fowler city, California","6364","24"
"1600000US0641142","Lemon Hill CDP, California","14096","1024"
"1600000US0607498","Bonsall CDP, California","4464","330"
"1600000US0613756","Claremont city, California","36025","74"
"1600000US0685222","Whitley Gardens CDP, California","164","138"
"1600000US0653294","Oceano CDP, California","7678","672"
"1600000US0644042","Los Berros CDP, California","541","369"
"1600000US0636882","Isleton city, California","583","126"
"1600000US0624897","Forest Meadows CDP, California","1516","354"
"1600000US0619724","Douglas City CDP, California","668","160"
"1600000US0618394","Delano city, California","52713","41"
"1600000US0610508","Campo CDP, California","3482","802"
"1600000US0623826","Felton CDP, California","3810","472"
"1600000US0622034","Elkhorn CDP, California","1151","271"
"1600000US0678336","Teviston CDP, California","1027","434"
"1600000US0639003","La Cañada Flintridge city, California","20374","42"
"1600000US0670742","Seaside city, California","34077","74"
"1600000US0677784","Talmage CDP, California","921","236"
"1600000US0664224","Salinas city, California","156550","84"
"1600000US0645120","Magalia CDP, California","12671","806"
"1600000US0609346","Byron CDP, California","1348","233"
"1600000US0607260","Bodega Bay CDP, California","733","252"
"1600000US0640592","Las Lomas CDP, California","3755","1085"
"1600000US0624568","Flournoy CDP, California","171","79"
"1600000US0680882","Tuttle CDP, California","63","79"
"1600000US0682954","Visalia city, California","131066","61"
"1600000US0617918","Daly City city, California","106638","83"
"1600000US0678638","Three Rivers CDP, California","2397","329"
"1600000US0636672","Ione city, California","7439","21"
"1600000US0673815","Squirrel Mountain Valley CDP, California","1159","387"
"1600000US0613910","Clear Creek CDP, California","226","155"
"1600000US0651182","Newport Beach city, California","86280","74"
"1600000US0620228","Dunnigan CDP, California","1278","342"
"1600000US0645050","Madera Acres CDP, California","9946","968"
"1600000US0616462","Corte Madera town, California","9866","25"
"1600000US0653980","Orange city, California","139873","126"
"1600000US0610345","Campbell city, California","42470","60"
"1600000US0673906","Stanford CDP, California","15668","903"
"1600000US0612612","Challenge-Brownsville CDP, California","864","372"
"1600000US0606210","Bethel Island CDP, California","2010","443"
"1600000US0620942","East Orosi CDP, California","955","396"
"1600000US0639472","Lake City CDP, California","59","47"
"1600000US0606308","Beverly Hills city, California","34362","35"
"1600000US0677960","Tarpey Village CDP, California","3390","622"
"1600000US0603344","Avocado Heights CDP, California","15903","795"
"1600000US0659444","Rancho Cordova city, California","72056","46"
"1600000US0639645","Lake Mathews CDP, California","6848","1013"
"1600000US0673430","South Whittier CDP, California","60096","1709"
"1600000US0678932","Tonyville CDP, California","881","496"
"1600000US0686380","Woodlands CDP, California","1743","393"
"1600000US0675000","Stockton city, California","306283","98"
"1600000US0602896","Artesia city, California","16817","40"
"1600000US0675592","Sugarloaf Saw Mill CDP, California","0","12"
"1600000US0620697","East Hemet CDP, California","20679","977"
"1600000US0617274","Crockett CDP, California","3094","341"
"1600000US0618506","Del Mar city, California","4340","17"
"1600000US0681204","Union City city, California","74601","47"
"1600000US0619052","Desert View Highlands CDP, California","2496","518"
"1600000US0617428","Crows Landing CDP, California","278","147"
"1600000US0684345","West Goshen CDP, California","567","406"
"1600000US0656826","Phelan CDP, California","15532","1264"
"1600000US0619654","Dos Palos Y CDP, California","242","115"
"1600000US0621210","East Tulare Villa CDP, California","980","263"
"1600000US0608240","Bridgeport CDP, California","464","261"
"1600000US0661124","River Pines CDP, California","607","410"
"1600000US0604856","Belden CDP, California","0","12"
"1600000US0657134","Pine Flat CDP, California","149","68"
"1600000US0640830","La Verne city, California","32358","59"
"1600000US0686734","Yettem CDP, California","441","408"
"1600000US0616630","Cottonwood CDP, California","3289","631"
"1600000US0677574","Taft city, California","9307","24"
"1600000US0608716","Buck Meadows CDP, California","51","56"
"1600000US0673868","Stallion Springs CDP, California","3625","826"
"1600000US0684550","Westminster city, California","91417","69"
"1600000US0673554","Spaulding CDP, California","110","53"
"1600000US0614274","Coalinga city, California","16538","34"
"1600000US0622300","El Paso de Robles (Paso Robles) city, California","31656","38"
"1600000US0637692","Jurupa Valley city, California","103784","52"
"1600000US0652379","North Tustin CDP, California","24736","1147"
"1600000US0630028","Glen Ellen CDP, California","727","237"
"1600000US0612916","Cherry Valley CDP, California","7755","698"
"1600000US0618982","Desert Center CDP, California","264","139"
"1600000US0661106","Riverdale Park CDP, California","1301","485"
"1600000US0642006","Livingston city, California","13997","29"
"1600000US0680763","Tuolumne City CDP, California","1577","496"
"1600000US0636452","Indio Hills CDP, California","708","325"
"1600000US0616000","Concord city, California","128758","75"
"1600000US0619192","Diamond Bar city, California","56434","47"
"1600000US0607512","Boonville CDP, California","852","196"
"1600000US0653182","Oak View CDP, California","4720","493"
"1600000US0631540","Guinda CDP, California","175","219"
"1600000US0641110","Lemon Cove CDP, California","267","117"
"1600000US0602553","Arden-Arcade CDP, California","100548","1907"
"1600000US0675596","Sugarloaf Village CDP, California","10","11"
"1600000US0605276","Bend CDP, California","457","163"
"1600000US0672156","Sky Valley CDP, California","2430","452"
"1600000US0648760","Montara CDP, California","2692","567"
"1600000US0684774","West Puente Valley CDP, California","23629","923"
"1600000US0681050","Twin Lakes CDP, California","5642","653"
"1600000US0649796","Mount Hermon CDP, California","998","473"
"1600000US0648648","Monrovia city, California","37006","46"
"1600000US0658240","Porterville city, California","59797","59"
"1600000US0603190","Auberry CDP, California","2476","400"
"1600000US0642146","Lockwood CDP, California","604","286"
"1600000US0630420","Goodyears Bar CDP, California","29","28"
"1600000US0600947","Aliso Viejo city, California","50925","36"
"1600000US0641782","Litchfield CDP, California","178","129"
"1600000US0648602","Mono City CDP, California","98","116"
"1600000US0670798","Seeley CDP, California","1699","397"
"1600000US0609834","California Pines CDP, California","488","233"
"1600000US0644406","Lucerne CDP, California","2956","519"
"1600000US0600394","Agoura Hills city, California","20636","28"
"1600000US0606150","Bertsch-Oceanview CDP, California","2042","318"
"1600000US0659587","Rancho Santa Margarita city, California","48792","66"
"1600000US0602812","Aromas CDP, California","2553","472"
"1600000US0639122","Lafayette city, California","26060","38"
"1600000US0654008","Orange Cove city, California","9564","22"
"1600000US0636364","Indian Falls CDP, California","54","65"
"1600000US0641194","Lenwood CDP, California","3884","907"
"1600000US0614450","Cold Springs CDP (El Dorado County), California","675","243"
"1600000US0670224","Santee city, California","57615","69"
"1600000US0648788","Montclair city, California","38865","89"
"1600000US0624680","Fontana city, California","208943","92"
"1600000US0668364","San Rafael city, California","58939","37"
"1600000US0682086","Vandenberg Village CDP, California","7861","563"
"1600000US0619455","Dollar Point CDP, California","786","228"
"1600000US0683766","Wawona CDP, California","196","124"
"1600000US0653476","Ojai city, California","7555","32"
"1600000US0657070","Pine Canyon CDP, California","2294","470"
"1600000US0639715","Lake Riverside CDP, California","1049","363"
"1600000US0623532","Fall River Mills CDP, California","273","181"
"1600000US0609948","Callender CDP, California","1583","483"
"1600000US0653602","Old Station CDP, California","35","37"
"1600000US0625380","Fountain Valley city, California","56372","49"
"1600000US0672016","Simi Valley city, California","126199","64"
"1600000US0644644","Lytle Creek CDP, California","724","144"
"1600000US0619022","Desert Palms CDP, California","6947","715"
"1600000US0671927","Silverado Resort CDP, California","937","252"
"1600000US0619339","Discovery Bay CDP, California","15981","818"
"1600000US0633000","Hayward city, California","158241","141"
"1600000US0651470","Nipinnawasee CDP, California","319","182"
"1600000US0614406","Coffee Creek CDP, California","186","73"
"1600000US0624498","Florin CDP, California","49132","1604"
"1600000US0658072","Pomona city, California","152494","72"
"1600000US0639836","Lakeview CDP, California","2566","460"
"1600000US0659584","Rancho Santa Fe CDP, California","2591","448"
"1600000US0607848","Boyes Hot Springs CDP, California","7863","956"
"1600000US0624638","Folsom city, California","77007","39"
"1600000US0601651","Amesti CDP, California","2832","315"
"1600000US0638156","Kenwood CDP, California","800","349"
"1600000US0656518","Penn Valley CDP, California","1424","627"
"1600000US0682334","Verdi CDP, California","187","106"
"1600000US0601458","Alum Rock CDP, California","11791","961"
"1600000US0623182","Fairfield city, California","114101","59"
"1600000US0628000","Fullerton city, California","139866","59"
"1600000US0636203","Idyllwild-Pine Cove CDP, California","2459","345"
"1600000US0645932","Mariposa CDP, California","1351","246"
"1600000US0661012","Ripley CDP, California","408","166"
"1600000US0600296","Adelanto city, California","33416","52"
"1600000US0617267","C-Road CDP, California","97","74"
"1600000US0648592","Monmouth CDP, California","103","58"
"1600000US0684385","Westhaven-Moonstone CDP, California","1084","228"
"1600000US0611614","Caruthers CDP, California","2773","521"
"1600000US0676040","Sunny Slopes CDP, California","80","42"
"1600000US0677588","Taft Heights CDP, California","2424","507"
"1600000US0623616","Farmersville city, California","10742","43"
"1600000US0653910","Onyx CDP, California","588","399"
"1600000US0634652","Hopland CDP, California","921","243"
"1600000US0652694","Oakdale city, California","22599","37"
"1600000US0669084","Santa Clara city, California","126209","63"
"1600000US0659115","Rackerby CDP, California","189","97"
"1600000US0628154","Garberville CDP, California","1126","265"
"1600000US0630378","Goleta city, California","30790","63"
"1600000US0630392","Gonzales city, California","8402","36"
"1600000US0654372","Orosi CDP, California","7441","1030"
"1600000US0613182","Chinese Camp CDP, California","206","121"
"1600000US0669088","Santa Clarita city, California","209478","230"
"1600000US0602252","Antioch city, California","110730","129"
"1600000US0647086","Mesa Vista CDP, California","278","107"
"1600000US0639259","Laguna Woods city, California","16228","36"
"1600000US0604415","Bay Point CDP, California","25165","811"
"1600000US0623126","Exeter city, California","10505","28"
"1600000US0646170","Marysville city, California","12282","25"
"1600000US0656756","Pescadero CDP, California","226","132"
"1600000US0623000","Eucalyptus Hills CDP, California","6017","739"
"1600000US0673080","South Gate city, California","95103","88"
"1600000US0668294","San Pablo city, California","30839","116"
"1600000US0630798","Grass Valley city, California","12932","51"
"1600000US0651840","North Fair Oaks CDP, California","14547","795"
"1600000US0638226","Kerman city, California","14649","31"
"1600000US0617988","Danville town, California","44417","65"
"1600000US0609310","Butte Creek Canyon CDP, California","931","273"
"1600000US0663168","Rouse CDP, California","2420","545"
"1600000US0657240","Pine Mountain Club CDP, California","1803","554"
"1600000US0636168","Idlewild CDP, California","0","12"
"1600000US0684928","Westwood CDP, California","1545","379"
"1600000US0640088","Lamont CDP, California","15222","766"
"1600000US0634302","Home Gardens CDP, California","11442","1268"
"1600000US0645358","Mammoth Lakes town, California","8091","16"
"1600000US0644000","Los Angeles city, California","3959657","108"
"1600000US0687090","Zayante CDP, California","939","212"
"1600000US0637120","Jamul CDP, California","5384","497"
"1600000US0681666","Vallejo city, California","120977","65"
"1600000US0653322","Oceanside city, California","175389","60"
"1600000US0684863","Westside CDP, California","182","105"
"1600000US0656924","Pico Rivera city, California","63432","45"
"1600000US0681358","Upper Lake CDP, California","1050","301"
"1600000US0630994","Greenfield city, California","17276","23"
"1600000US0641558","Lincoln Village CDP, California","4768","432"
"1600000US0649278","Morgan Hill city, California","43876","45"
"1600000US0655800","Parkway CDP, California","15885","962"
"1600000US0617568","Culver City city, California","39295","38"
"1600000US0656000","Pasadena city, California","141246","116"
"1600000US0641026","Leggett CDP, California","62","47"
"1600000US0625506","Franklin CDP (Sacramento County), California","117","88"
"1600000US0684780","West Rancho Dominguez CDP, California","22932","1193"
"1600000US0648480","Mokelumne Hill CDP, California","637","411"
"1600000US0613945","Clearlake city, California","15323","28"
"1600000US0621600","Edwards AFB CDP, California","2571","246"
"1600000US0678008","Taylorsville CDP, California","244","255"
"1600000US0677042","Sunol CDP, California","962","220"
"1600000US0630014","Glendora city, California","51773","75"
"1600000US0638772","Knightsen CDP, California","1500","361"
"1600000US0616378","Coronado city, California","23620","32"
"1600000US0621138","East Shore CDP, California","169","123"
"1600000US0618352","Del Aire CDP, California","10065","714"
"1600000US0654806","Pacifica city, California","39065","38"
"1600000US0658191","Poplar-Cotton Center CDP, California","2436","477"
"1600000US0622678","Encinitas city, California","62713","59"
"1600000US0657764","Pleasant Hill city, California","34785","40"
"1600000US0684680","West Park CDP, California","1035","262"
"1600000US0633434","Hesperia city, California","93609","106"
"1600000US0613214","Chino Hills city, California","79298","127"
"1600000US0677924","Tara Hills CDP, California","5405","539"
"1600000US0674130","Stevenson Ranch CDP, California","19364","679"
"1600000US0637918","Keeler CDP, California","15","8"
"1600000US0672954","South Dos Palos CDP, California","1682","654"
"1600000US0641390","Likely CDP, California","0","12"
"1600000US0638044","Kelseyville CDP, California","3332","552"
"1600000US0642384","Loma Mar CDP, California","114","250"
"1600000US0656870","Phoenix Lake CDP, California","4283","651"
"1600000US0622524","Elverta CDP, California","5821","455"
"1600000US0611040","Capitola city, California","10135","20"
"1600000US0684410","West Hollywood city, California","36384","43"
"1600000US0663400","Rutherford CDP, California","72","46"
"1600000US0681652","Vallecito CDP, California","183","100"
"1600000US0639885","Lake Wildwood CDP, California","5208","421"
"1600000US0683542","Wasco city, California","26708","53"
"1600000US0641572","Linda CDP, California","19314","811"
"1600000US0669070","Santa Barbara city, California","91325","74"
"1600000US0604926","Bella Vista CDP, California","2614","292"
"1600000US0613966","Clearlake Oaks CDP, California","2279","428"
"1600000US0642328","Loleta CDP, California","676","252"
"1600000US0611600","Cartago CDP, California","7","10"
"1600000US0618926","Derby Acres CDP, California","380","93"
"1600000US0662938","Roseville city, California","133049","69"
"1600000US0610032","Calwa CDP, California","1974","714"
"1600000US0651042","Newell CDP, California","342","175"
"1600000US0629420","Geyserville CDP, California","928","237"
"1600000US0617727","Cuyama CDP, California","9","11"
"1600000US0644112","Los Gatos town, California","30922","42"
"1600000US0609150","Burnt Ranch CDP, California","338","108"
"1600000US0683108","Volta CDP, California","216","143"
"1600000US0644182","Los Osos CDP, California","16292","673"
"1600000US0606028","Bermuda Dunes CDP, California","6817","726"
"1600000US0611324","Carmel Valley Village CDP, California","4293","668"
"1600000US0676015","Sunnyside-Tahoe City CDP, California","1222","303"
"1600000US0684200","West Covina city, California","107242","81"
"1600000US0611964","Castro Valley CDP, California","63288","1232"
"1600000US0605332","Ben Lomond CDP, California","7071","575"
"1600000US0646400","Mayfair CDP, California","5091","685"
"1600000US0649348","Morongo Valley CDP, California","3262","392"
"1600000US0624022","Fields Landing CDP, California","325","214"
"1600000US0636420","Indianola CDP, California","686","175"
"1600000US0649950","Muir Beach CDP, California","242","85"
"1600000US0659080","Quincy CDP, California","1895","444"
"1600000US0621012","East Porterville CDP, California","6679","870"
"1600000US0600310","Adin CDP, California","201","95"
"1600000US0605262","Benbow CDP, California","161","124"
"1600000US0648928","Monte Rio CDP, California","1156","236"
"1600000US0671000","Sereno del Mar CDP, California","82","51"
"1600000US0638086","Kensington CDP, California","5415","274"
"1600000US0670728","Searles Valley CDP, California","1646","240"
"1600000US0647374","Midpines CDP, California","1396","418"
"1600000US0677308","Sun Village CDP, California","13516","1186"
"1600000US0648844","Montecito CDP, California","8611","593"
"1600000US0677430","Swall Meadows CDP, California","218","73"
"1600000US0640340","La Puente city, California","40268","67"
"1600000US0644140","Los Molinos CDP, California","1845","304"
"1600000US0607974","Bradley CDP, California","107","57"
"1600000US0657456","Pittsburg city, California","70492","52"
"1600000US0648060","Miranda CDP, California","672","301"
"1600000US0655528","Paradise CDP, California","186","88"
"1600000US0678138","Temescal Valley CDP, California","26709","1111"
"1600000US0631883","Hamilton Branch CDP, California","612","100"
"1600000US0602382","Aptos Hills-Larkin Valley CDP, California","1993","418"
"1600000US0640032","La Mirada city, California","48974","58"
"1600000US0672492","Soda Springs CDP, California","21","34"
"1600000US0683094","Volcano CDP, California","44","50"
"1600000US0678666","Tiburon town, California","9151","22"
"1600000US0625488","Franklin CDP (Merced County), California","7314","903"
"1600000US0630693","Granite Bay CDP, California","22439","856"
"1600000US0663134","Round Mountain CDP, California","112","49"
"1600000US0631092","Green Valley CDP (Los Angeles County), California","973","138"
"1600000US0607036","Bloomfield CDP, California","387","158"
"1600000US0654848","Pacific Grove city, California","15567","32"
"1600000US0653224","Oasis CDP, California","3020","418"
"1600000US0664252","Salmon Creek CDP, California","20","30"
"1600000US0611250","Carmel-by-the-Sea city, California","3855","18"
"1600000US0648452","Mojave CDP, California","4230","431"
"1600000US0623042","Eureka city, California","27020","34"
"1600000US0670280","Saratoga city, California","30886","43"
"1600000US0634708","Hornitos CDP, California","61","79"
"1600000US0625534","Frazier Park CDP, California","2570","522"
"1600000US0655728","Parklawn CDP, California","1082","397"
"1600000US0625338","Foster City city, California","33784","38"
"1600000US0670518","Scotia CDP, California","602","232"
"1600000US0637946","Keene CDP, California","313","200"
"1600000US0622328","El Portal CDP, California","268","152"
"1600000US0658030","Pollock Pines CDP, California","6905","634"
"1600000US0655842","Parkwood CDP, California","1853","546"
"1600000US0682667","View Park-Windsor Hills CDP, California","11580","670"
"1600000US0677728","Tahoma CDP, California","867","254"
"1600000US0601416","Alto CDP, California","765","253"
"1600000US0641992","Livermore city, California","89027","39"
"1600000US0678176","Tennant CDP, California","18","17"
"1600000US0662826","Rosamond CDP, California","20028","1193"
"1600000US0630686","Grangeville CDP, California","586","228"
"1600000US0608828","Buena Vista CDP, California","526","218"
"1600000US0671774","Sierra Brooks CDP, California","299","140"
"1600000US0654386","Oroville city, California","19040","67"
"1600000US0649670","Mountain View city, California","80993","44"
"1600000US0655618","Paramount city, California","54776","37"
"1600000US0639670","Lake Nacimiento CDP, California","2884","343"
"1600000US0631246","Grenada CDP, California","477","175"
"1600000US0644420","Lucerne Valley CDP, California","5423","868"
"1600000US0606567","Big Lagoon CDP, California","118","53"
"1600000US0685894","Winchester CDP, California","2931","944"
"1600000US0607218","Blythe city, California","19581","33"
"1600000US0685992","Winter Gardens CDP, California","23088","1316"
"1600000US0664462","San Antonio Heights CDP, California","3034","318"
"1600000US0685292","Whittier city, California","86523","53"
"1600000US0611768","Caspar CDP, California","812","416"
"1600000US0667056","Sanger city, California","24978","28"
"1600000US0651028","New Cuyama CDP, California","763","224"
"1600000US0613784","Clarksburg CDP, California","442","267"
